{"cameraMode":{"drawMode":0,"name":"Shaded","section":"Shading Mode"},"sceneLighting":true,"audioPlay":false,"sceneViewState":{"m_AlwaysRefresh":false,"showFog":true,"showSkybox":true,"showFlares":true,"showImageEffects":true,"showParticleSystems":true,"showVisualEffectGraphs":true,"m_FxEnabled":true},"in2DMode":false,"pivot":{"x":-25.605682373046876,"y":0.33830928802490237,"z":-14.601688385009766},"rotation":{"x":0.2872103154659271,"y":-0.005455716047435999,"z":0.0016216675285249949,"w":0.9578817486763},"size":7.911795139312744,"orthographic":false}